state,year,population,employment,GDP
North Rhine-Westphalia,2015,1.8398311699316907,1.8404268284897831,1.720536931707936
