Dataset,MSE,MAE,R²
Training,0.011698534222050978,0.06901333531207657,0.9878706974709714
Test,0.044574683599212586,0.10683780984202103,0.9598449655622268
