Dataset,MSE,MAE,R²
Training,0.011698534222051025,0.06901333531207617,0.9878706974709714
Test,0.044574683599215945,0.10683780984202661,0.9598449655622237
